# SQL
## CLI Client
### MySQL


```bash
mysql -u root -p
```

The `-p` flag should be passed empty, so we are prompted to enter the password and do not pass it directly on the command line since it could be stored in cleartext in the bash_history file.

```bash
mysql -u root -h docker.hackthebox.eu -P 3306 -p 

-h     : Host
-P     : Port
```
### PostgreSQL
```bash
psql -U postgres -h docker.hackthebox.eu -p 5432 -W
```


## **Databases**

### Create a Database

```
mysql> CREATE DATABASE users;

Query OK, 1 row affected (0.02 sec)
```

### Showing and Select Database - MySQL

```
mysql> SHOW DATABASES;

+--------------------+
| Database           |
+--------------------+
| information_schema |
| mysql              |
| performance_schema |
| sys                |
| users              |
+--------------------+

mysql> USE users;

Database changed
```

**Note:** SQL statements aren't case sensitive, which means 'USE users;' and 'use users;' refer to the same command. However, the database name is case sensitive, so we cannot do 'USE USERS;' 


### Showing and Select Database - PostgreSQL
```bash
postgres=# \l

                                   List of databases
   Name    |  Owner   | Encoding | Collate | Ctype | Access privileges  
-----------+---------+----------+---------+-------+-------------------
 postgres  | postgres | UTF8     | C       | C     |  
 users     | postgres | UTF8     | C       | C     |  
(2 rows)

postgres=# \c users

You are now connected to database "users" as user "postgres".
users=#
```


## **Tables**

### Create a table

```
mysql> CREATE TABLE logins (
    ->     id INT,
    ->     username VARCHAR(100),
    ->     password VARCHAR(100),
    ->     date_of_joining DATETIME
    ->     );
Query OK, 0 rows affected (0.03 sec)
```

### Interacting with tables - MySQL

```bash
mysql> SHOW TABLES;

+-----------------+
| Tables_in_users |
+-----------------+
| logins          |
+-----------------+
1 row in set (0.00 sec)

mysql> DESCRIBE logins;

+-----------------+--------------+
| Field           | Type         |
+-----------------+--------------+
| id              | int          |
| username        | varchar(100) |
| password        | varchar(100) |
| date_of_joining | date         |
+-----------------+--------------+
4 rows in set (0.00 sec)

```
### Interacting with Tables - PostgreSQL

```bash
users=# \dt

         List of relations
 Schema |  Name  | Type  |  Owner  
--------+--------+-------+----------
 public | logins | table | postgres
(1 row)

users=# \d logins

                                    Table "public.logins"
      Column        |          Type           | Collation | Nullable |              Default              
--------------------+------------------------+-----------+----------+-----------------------------------
 id                 | integer                |           | not null | nextval('logins_id_seq'::regclass)
 username          | character varying(100) |           |          | 
 password          | character varying(100) |           |          | 
 date_of_joining   | timestamp without time zone |      |          | 
Indexes:
    "logins_pkey" PRIMARY KEY, btree (id)

```


## SQL Statements

### INSERT Statement

```sql
INSERT INTO table_name VALUES (column1_value, column2_value, column3_value, ...);
```

### SELECT Statement

```sql
SELECT * FROM table_name;

mysql> SELECT username,password FROM logins;

+---------------+------------+
| username      | password   |
+---------------+------------+
| admin         | p@ssw0rd   |
| administrator | adm1n_p@ss |
| john          | john123!   |
| tom           | tom123!    |
+---------------+------------+
4 rows in set (0.00 sec)
```

### **DROP Statement**

```sql
mysql> DROP TABLE logins;
```

**Note:** The 'DROP' statement will permanently and completely delete the table with no confirmation, so it should be used with caution.

### **ALTER Statement**

```sql
mysql> ALTER TABLE logins ADD newColumn INT;

mysql> ALTER TABLE logins RENAME COLUMN newColumn TO oldColumn;

mysql> ALTER TABLE logins MODIFY oldColumn DATE;

mysql> ALTER TABLE logins DROP oldColumn;
```

### **UPDATE Statement**

```sql
mysql> UPDATE logins SET password = 'change_password' WHERE id > 1;

Query OK, 3 rows affected (0.00 sec)
Rows matched: 3  Changed: 3  Warnings: 0

mysql> SELECT * FROM logins;

+----+---------------+-----------------+---------------------+
| id | username      | password        | date_of_joining     |
+----+---------------+-----------------+---------------------+
|  1 | admin         | p@ssw0rd        | 2020-07-02 00:00:00 |
|  2 | administrator | change_password | 2020-07-02 11:30:50 |
|  3 | john          | change_password | 2020-07-02 11:47:16 |
|  4 | tom           | change_password | 2020-07-02 11:47:16 |
+----+---------------+-----------------+---------------------+
4 rows in set (0.00 sec)
```

## **Query Results**

### **Sorting Results**

```sql
mysql> SELECT * FROM logins ORDER BY password;

+----+---------------+------------+---------------------+
| id | username      | password   | date_of_joining     |
+----+---------------+------------+---------------------+
|  2 | administrator | adm1n_p@ss | 2020-07-02 11:30:50 |
|  3 | john          | john123!   | 2020-07-02 11:47:16 |
|  1 | admin         | p@ssw0rd   | 2020-07-02 00:00:00 |
|  4 | tom           | tom123!    | 2020-07-02 11:47:16 |
+----+---------------+------------+---------------------+
4 rows in set (0.00 sec)
```

By default, the sort is done in ascending order, but we can also sort the results by `ASC` or `DESC`:

```sql
mysql> SELECT * FROM logins ORDER BY password DESC;
```


### **LIMIT results**

```sql
mysql> SELECT * FROM logins LIMIT 2;

+----+---------------+------------+---------------------+
| id | username      | password   | date_of_joining     |
+----+---------------+------------+---------------------+
|  1 | admin         | p@ssw0rd   | 2020-07-02 00:00:00 |
|  2 | administrator | adm1n_p@ss | 2020-07-02 11:30:50 |
+----+---------------+------------+---------------------+
2 rows in set (0.00 sec)

#Using Offset

mysql> SELECT * FROM logins LIMIT 1, 2;
+----+---------------+------------+---------------------+
| id | username      | password   | date_of_joining     |
+----+---------------+------------+---------------------+
|  2 | administrator | adm1n_p@ss | 2020-07-02 11:30:50 |
|  3 | john          | john123!   | 2020-07-02 11:47:16 |
+----+---------------+------------+---------------------+
```

### **WHERE Clause**

```sql
mysql> SELECT * FROM logins WHERE id > 1;

mysql> SELECT * FROM logins where username = 'admin';
```

**Note:** String and date data types should be surrounded by single quote (') or double quotes ("), while numbers can be used directly.

### **LIKE Clause**

```sql
mysql> SELECT * FROM logins WHERE username LIKE 'admin%';

+----+---------------+------------+---------------------+
| id | username      | password   | date_of_joining     |
+----+---------------+------------+---------------------+
|  1 | admin         | p@ssw0rd   | 2020-07-02 00:00:00 |
|  4 | administrator | adm1n_p@ss | 2020-07-02 15:19:02 |
+----+---------------+------------+---------------------+
2 rows in set (0.00 sec)
```

The `%` symbol acts as a wildcard and matches all characters after `admin`

```sql
mysql> SELECT * FROM logins WHERE username like '___';
```

Similarly, the `_` symbol is used to match exactly one character.

## **SQL Operators**

### **AND Operator**

```sql
mysql> SELECT 1 = 1 AND 'test' = 'test';
```

### **OR Operator**

```sql
mysql> SELECT 1 = 1 OR 'test' = 'abc';
```

### **NOT Operator**

```sql
mysql> SELECT NOT 1 = 1;
```

**Note:** The `AND`, `OR` and `NOT` operators can also be represented as `&&`, `||` and `!`, respectively. 

## Operator precendence

Here is a list of common operations and their precedence, as seen in the [MariaDB Documentation](https://mariadb.com/kb/en/operator-precedence/):

- Division (`/`), Multiplication (`*`), and Modulus (`%`)
- Addition (`+`) and subtraction (`-`)``
- Comparison (`=`, `>`, `<`, `<=`, `>=`, `!=`, `LIKE`)
- NOT (`!`)
- AND (`&&`)
- OR (`||`)

**Example**

```sql
SELECT * FROM logins WHERE username != 'tom' AND id > 1;
```
